iter	MultiClass
0	1.798819608
1	1.52519261
2	1.345550921
3	1.223025765
4	1.119132085
